time,open,high,low,close,vwap,volume,count
1499924700,186.50033,191.20473,186.0,189.50088,188.86999,2372.37790572,421
1499925600,189.0,189.84599,187.33607,187.79993,189.3969,3150.93491028,431
1499926500,187.79993,188.5,186.5,187.079,187.22839,895.62935293,252
1499927400,187.079,187.079,184.77,184.81499,185.2219,2314.15792918,439
1499928300,184.81605,185.30993,184.0,185.15,184.44554,1411.10366436,303
1499929200,185.15,186.273,184.8795,185.5705,185.36152,1189.81421365,244
1499930100,185.57049,185.82173,185.00009,185.7988,185.57933,535.53489542,238
1499931000,185.737,185.7988,183.00001,183.1,183.96466,1678.03015705,368
1499931900,183.1,183.1,183.0,183.0,183.00648,1487.60707172,173
1499932800,183.0,183.0,180.35943,181.56584,181.18903,4588.53650558,569
1499933700,181.56584,186.0,181.36,184.0,184.03569,2833.19848834,607
1499934600,183.94515,186.47154,183.28101,186.47154,185.10796,3147.74403234,415
1499935500,186.21802,189.0,186.08,186.29931,187.48947,2611.81581571,527
1499936400,186.58,186.99831,183.61813,185.0,184.86094,1918.77251782,331
1499937300,185.09999,186.50499,184.28928,184.28928,185.54701,1910.72737004,374
1499938200,184.68264,185.0,182.00101,183.0,183.11647,1805.16508751,383
1499939100,182.95967,184.0,182.66088,182.75006,183.05976,1487.3506681,277
1499940000,182.95679,182.95679,181.0,181.00008,181.70685,3138.21590272,358
1499940900,181.61134,183.0,181.0,182.4999,181.43968,4329.59529771,414
1499941800,182.3,184.741,182.287,184.741,183.81791,2522.51447224,359
1499942700,183.58767,185.62094,183.40189,184.0,184.50144,2301.99128693,329
1499943600,183.81611,186.0,183.0,185.1,184.46475,2309.44282805,490
1499944500,185.09999,186.90497,184.0,184.0,185.27156,2236.5304706,292
1499945400,184.0,185.89878,183.82311,185.89867,184.65997,1553.19935766,196
1499946300,185.89759,186.0,185.172,186.0,185.70346,1278.58981864,255
1499947200,185.99999,188.88,185.5,186.93501,187.41193,2439.69202748,397
1499948100,186.93501,187.79884,185.72012,185.72012,186.48212,2164.41874452,321
1499949000,185.73292,185.73292,184.0,184.49976,184.80909,1181.07185431,273
1499949900,184.10008,184.946,184.0,184.0,184.48892,509.08471889,154
1499950800,184.0,184.3,182.42928,182.758,183.19538,2046.59231084,360
1499951700,182.65,182.758,181.13509,181.13509,181.82401,1942.2021239,269
1499952600,181.13509,184.0,181.13509,183.20999,182.5147,1551.05756052,295
1499953500,183.20999,183.60999,183.2,183.22,183.24106,738.58796918,250
1499954400,183.22,183.99978,183.2,183.39982,183.41907,659.18469175,178
1499955300,183.39983,183.47,181.13509,181.13516,182.59057,949.69964572,235
1499956200,181.7,182.22198,181.13509,181.73787,181.77939,1180.19582951,253
1499957100,181.73789,183.46949,181.73789,183.43999,182.84407,952.58995372,257
1499958000,183.43998,183.44,181.00009,181.00009,181.73894,1211.46934165,307
1499958900,181.047,181.0995,179.371,179.371,180.40187,7880.54607741,690
1499959800,179.3,179.3,175.84862,176.0,177.52896,5095.33300492,671
1499960700,176.4,176.4,175.0,175.36837,175.37114,3769.60510141,605
1499961600,175.36837,178.0,174.9,178.0,176.9712,3682.67626522,471
1499962500,178.0,178.0,175.20004,176.19999,176.57264,1151.64418489,243
1499963400,176.19996,176.2,173.88891,175.83525,174.84855,4075.91035134,587
1499964300,175.76,177.478,175.11307,177.477,176.49702,1336.43334206,320
1499965200,177.40998,177.47798,174.68001,176.1414,175.65041,1246.49338407,260
1499966100,176.1414,176.1414,174.21,174.22001,174.93518,2513.65605455,383
1499967000,174.22001,175.0428,171.10156,171.5997,173.12288,3735.64266655,499
1499967900,171.5997,173.27993,170.5,170.8,171.67997,3710.8485989,761
1499968800,170.88214,171.19989,170.1,171.14099,170.50605,1852.68035781,435
1499969700,170.90639,174.69999,170.44001,174.49999,172.98461,2724.58996509,511
1499970600,174.34798,177.48417,172.98694,173.0,175.73164,3517.15981139,758
1499971500,173.0,175.7536,172.98694,174.07217,174.20727,3310.03999539,500
1499972400,174.27955,174.27955,171.99,171.99,172.62549,2042.85286557,326
1499973300,171.99,174.66,171.99,173.6,173.25547,2002.52977026,371
1499974200,173.6,174.0,172.8217,173.02368,173.69163,1583.09626717,343
1499975100,174.0,174.19884,173.023,174.09999,173.90267,313.11596864,206
1499976000,174.1,175.89,174.1,175.4669,174.54577,2572.53677122,290
1499976900,175.54601,175.99999,174.1,174.57957,174.62277,1198.82976218,231
1499977800,174.57957,178.5,174.48,176.66097,176.84296,3250.22663162,495
1499978700,176.0,178.81,175.75127,178.01,177.5467,1709.33627245,364
1499979600,177.79497,178.1,174.662,174.9995,175.98228,2126.30969032,320
1499980500,174.9,176.63522,174.9,175.43855,175.02527,1774.71879037,340
1499981400,175.49993,176.83,175.1,175.847,175.82379,1310.78154188,213
1499982300,175.625,175.856,174.9,175.62987,175.12957,1497.65022509,172
1499983200,175.62987,177.11898,175.62987,177.07676,176.76454,1133.5053267,240
1499984100,177.07676,179.94999,176.7105,178.7,178.62834,1660.07451576,309
1499985000,178.7,179.72082,177.16902,178.69,178.40779,692.34172763,239
1499985900,179.67893,180.90985,179.116,180.2888,180.31593,1823.9707765,329
1499986800,180.47504,180.47504,177.62621,179.4,178.69718,1128.64746406,236
1499987700,179.4,181.0,179.31401,181.0,180.25725,726.29931419,161
1499988600,181.0,181.99,180.82352,181.99,181.81893,1221.95215139,192
1499989500,181.99,181.99,179.76027,180.34382,181.08939,796.59563315,167
1499990400,179.737,181.68,179.5,181.66598,181.19314,646.96787076,117
1499991300,181.6659,181.79999,179.39481,180.0,180.81564,539.40334215,178
1499992200,180.0,180.0,177.43679,177.55403,178.24464,748.54658804,190
1499993100,177.46001,178.001,175.68837,178.0,176.73739,1230.87143349,191
1499994000,177.99733,178.7,176.33451,176.35,177.47249,384.14722442,149
1499994900,176.29478,177.9805,175.36901,175.36901,176.91296,891.23760458,184
1499995800,175.5175,176.09626,174.50001,176.09259,174.9145,616.41825349,171
1499996700,176.08149,176.08149,173.6,174.18643,174.4734,673.25315274,166
1499997600,174.44491,176.99999,173.6,176.99998,175.59797,452.62691543,135
1499998500,176.934,177.15649,175.0,175.2497,176.2787,252.02112881,97
1499999400,175.099,176.0,174.5,175.05102,175.20212,432.80802883,109
1500000300,175.05505,175.74865,175.00003,175.228,175.2669,12.6902681,44
1500001200,175.00005,176.5722,174.88581,176.30064,175.56714,77.69112466,54
1500002100,176.30064,176.6604,175.69738,175.7026,175.95014,23.74968082,28
1500003000,175.70361,176.29934,175.45967,175.509,175.80083,29.01692935,29
1500003900,175.50902,176.29997,174.625,175.89713,175.73719,787.23614724,55
1500004800,175.89713,175.8972,175.257,175.257,175.76427,25.22939458,34
1500005700,175.25701,176.69999,175.0,176.69999,175.42939,102.15469649,78
1500006600,176.50895,177.69745,176.50416,176.50416,176.98374,129.79013232,82
1500007500,176.502,177.59199,176.502,177.38058,177.45186,157.93031142,96
1500008400,177.13272,177.50008,176.29001,176.46674,177.11671,415.21695905,76
1500009300,176.46695,177.175,176.46695,176.67435,176.72881,149.33300552,76
1500010200,176.68763,177.328,176.46846,177.03868,176.70933,445.44193177,87
1500011100,177.03868,177.328,176.52476,177.00152,177.24457,191.06663208,77
1500012000,177.00175,177.328,176.499,176.958,177.0336,1030.97128802,155
1500012900,176.73004,177.15,174.7,174.7,175.59321,814.27000263,147
1500013800,174.7,177.383,174.7,177.15,175.91597,1487.11239984,241
1500014700,177.14998,178.20478,177.0001,177.56332,177.6084,780.09781625,145
1500015600,177.55,178.5,177.1545,178.23399,177.70058,665.79854921,213
1500016500,178.01015,178.21984,177.34699,177.71998,177.79259,494.60888958,94
1500017400,177.71,178.99,177.57801,178.87165,178.44178,440.80129225,188
1500018300,178.28801,178.5,177.79217,178.3,178.27162,205.69522602,79
1500019200,178.11642,178.11642,176.18937,176.855,177.92004,463.78580467,175
1500020100,176.84998,176.85,176.0,176.81,176.47867,421.72536108,146
1500021000,176.8,177.16393,176.29171,176.71001,176.74741,158.72398475,113
1500021900,176.71001,177.11999,176.299,176.29907,176.68606,605.86163259,153
1500022800,176.5171,177.06,176.0714,176.59075,176.6445,663.27852181,134
1500023700,176.45915,176.97,176.1067,176.9,176.73879,771.44470076,187
1500024600,176.96998,177.99996,176.76613,177.1,177.29538,926.32345687,145
1500025500,177.1,177.1,176.29302,177.0,176.77776,556.86831823,121
1500026400,177.0,177.0,176.06201,176.69997,176.44535,709.09218767,148
1500027300,176.69997,176.94966,175.1,175.1,175.87431,996.50694791,193
1500028200,175.75,176.49028,175.1,176.49028,175.64044,1101.20824859,230
1500029100,176.49023,176.704,176.281,176.28996,176.50579,197.82839007,74
1500030000,176.54999,176.59999,176.00002,176.49998,176.3744,275.88036661,119
1500030900,176.49998,176.59999,176.41252,176.59998,176.5075,391.36644343,145
1500031800,176.59998,176.80945,176.082,176.38973,176.56887,394.82616399,101
1500032700,176.39999,176.5,175.69343,176.01463,176.11015,920.99131391,186
1500033600,176.01463,176.01464,174.4,174.4,174.94428,487.59219575,194
1500034500,174.4,174.4,171.99,172.5,172.97711,4520.07583418,560
1500035400,172.5,172.5,170.5,170.9998,171.49448,4262.6303559,586
1500036300,170.9998,171.948,169.025,169.025,170.33283,4593.76941404,647
1500037200,169.4,169.75,168.16,169.75,168.73442,3360.82804338,583
1500038100,169.75,171.718,169.52,170.3137,170.85815,3664.34025561,590
1500039000,170.3137,170.98367,169.52,170.08901,170.10709,1851.6990628,420
1500039900,170.11478,170.99,169.70001,170.521,170.44559,3068.75580754,277
1500040800,170.521,170.521,167.1,167.10001,168.10064,3473.72578175,445
1500041700,167.10001,168.09869,165.69307,165.69307,167.03163,7847.09530408,634
1500042600,165.663,167.18125,164.50552,167.18125,165.26406,8118.63317822,762
1500043500,167.13898,170.45045,167.01,167.49002,168.77118,4644.64905274,648
1500044400,167.451,169.89999,167.0335,169.7,168.18673,2503.71045079,417
1500045300,169.50001,170.4,169.37699,169.59396,169.82739,2990.64040791,344
1500046200,169.77834,170.0,167.53456,167.53464,169.13324,1907.48322332,285
1500047100,167.53464,168.0,164.9107,165.1003,166.65879,3217.57778468,421
1500048000,165.59999,167.489,165.11008,166.9,166.64624,4678.13095247,486
1500048900,166.8995,167.00044,163.0,163.0,164.18365,4539.31835809,575
1500049800,163.0,165.99995,162.123,162.80003,163.32429,8389.4115644,806
1500050700,162.80003,164.29454,161.7272,162.25049,162.43998,3977.72892519,452
1500051600,162.25049,162.40636,161.21,161.35162,161.59599,5246.27413232,519
1500052500,161.35001,164.99999,161.35001,164.0,163.10116,5025.10907939,759
1500053400,164.0,164.0,161.6,162.8537,162.49176,3022.33222515,425
1500054300,162.5083,164.94774,162.04,164.5,163.60277,2062.01457049,455
1500055200,164.5,167.25317,164.12914,164.77999,165.41578,3757.40715207,555
1500056100,164.42,165.903,164.31,165.60001,165.07939,1490.20014959,411
1500057000,165.60001,169.064,165.60001,168.5,167.57938,3472.00311471,566
1500057900,168.5,169.8,168.11048,169.61008,169.30037,1855.05719576,268
1500058800,169.61008,169.8,167.14848,168.0,169.24917,7494.86348394,787
1500059700,168.00168,168.09827,166.5113,167.55533,167.55436,2803.8567737,469
1500060600,167.55533,169.7,167.53548,168.55336,168.74379,3663.19856702,437
1500061500,168.01,168.89818,166.81207,167.236,167.81755,1373.50010683,309
1500062400,167.236,167.89995,165.3575,165.3575,166.1109,1640.28011463,382
1500063300,165.3575,167.32959,165.3575,165.5,165.7238,4341.69353584,395
1500064200,165.5,166.5,163.825,166.5,165.25089,3699.18149438,448
1500065100,166.3,168.1102,166.3,166.681,167.25756,1291.2391555,260
1500066000,166.35076,167.0,165.19993,166.989,165.83724,1493.12016745,353
1500066900,166.989,169.249,166.989,168.9,168.17698,1828.26695945,373
1500067800,168.9,171.03959,168.814,169.49846,169.88072,2121.27684122,425
1500068700,169.35,170.76507,169.0,169.60163,169.64505,1653.86541534,286
1500069600,169.59949,170.0,167.81614,168.29822,169.13375,494.65695118,194
1500070500,168.29822,168.47,167.00007,167.77715,167.96142,513.16826163,152
1500071400,167.79995,170.24004,167.19515,170.06491,169.30557,1220.04814204,309
1500072300,170.23999,171.03959,169.55,170.0,170.20137,965.99567269,203
1500073200,170.0,173.0,170.0,172.47699,171.73758,2767.59295588,385
1500074100,172.47699,175.0,172.47699,173.5,173.8095,4347.61057575,528
1500075000,173.30774,173.965,171.5,171.5,172.44814,720.31209419,251
1500075900,171.86982,174.21234,171.5,172.58001,172.66094,293.18736316,167
1500076800,172.58,173.31499,172.113,172.113,172.80652,688.00187422,135
1500077700,172.0,173.97518,171.6,173.97518,172.31049,472.36785404,172
1500078600,173.51601,173.97518,172.73111,173.32008,173.81006,68.06233816,32
1500079500,173.32009,173.44667,172.00047,172.32726,172.91788,179.80960936,70
1500080400,172.00202,172.641,172.0,172.62136,172.29283,30.64540648,37
1500081300,172.28414,172.70415,170.21007,170.50001,171.72142,509.35223761,110
1500082200,170.21016,171.201,169.39303,169.80044,170.11878,636.40281302,139
1500083100,169.75,169.75,166.75907,168.19115,167.4327,727.068821,277
1500084000,167.80345,168.3519,166.1,166.17501,167.32084,965.62553924,175
1500084900,166.7077,167.45522,166.1,166.95526,166.60909,378.4428806,129
1500085800,166.95525,168.6457,166.1,166.541,167.38254,384.83650549,166
1500086700,166.302,166.327,163.911,164.9333,164.91223,1097.35202527,254
1500087600,164.92996,169.75521,164.92995,168.36513,167.39858,1056.3055986,216
1500088500,168.08516,168.08517,164.57438,164.57438,166.41656,403.37424021,211
1500089400,165.162,166.99999,163.78459,166.174,165.13796,1204.33986374,289
1500090300,165.961,166.16287,163.99999,164.57433,164.82008,710.92993198,194
1500091200,164.57434,166.1,164.14901,166.1,165.3158,459.77895815,157
1500092100,165.82001,167.77499,165.23407,166.29959,166.74072,1056.52075133,249
1500093000,166.32,168.2,166.30125,167.26834,167.47527,623.85339577,202
1500093900,167.26834,167.825,166.1,166.1,167.25463,381.12577476,150
1500094800,166.75252,167.39982,166.21917,166.90584,166.90322,78.41064304,85
1500095700,167.1111,167.1111,165.0011,165.01115,166.01649,146.6223047,159
1500096600,165.00111,165.83192,164.31,164.40409,164.81845,2173.13736708,164
1500097500,164.99992,164.99992,163.63998,164.0,164.07793,1095.28285278,267
1500098400,164.0,165.039,163.10001,163.10001,163.69301,1142.80644259,268
1500099300,163.212,164.46299,162.84601,164.43126,163.75091,1228.11028427,215
1500100200,164.43138,165.59765,163.70001,165.25279,164.4075,1622.43449251,250
1500101100,164.99188,166.61797,162.50109,163.999,164.1458,4232.32731402,416
1500102000,163.99998,164.452,162.091,162.59992,163.01613,2657.57457194,351
1500102900,162.31195,163.454,162.227,162.227,162.7784,1246.61271396,237
1500103800,162.23,162.49989,161.3,161.64301,161.83922,3877.636639,406
1500104700,161.55,161.8998,160.24,160.704,161.05222,5568.01860714,601
1500105600,160.704,164.273,160.704,163.41102,163.08692,1925.03061642,311
1500106500,163.41102,163.857,160.11201,161.935,162.17496,4459.81295621,511
1500107400,161.935,161.935,158.12,159.0,159.83531,4763.41837124,978
1500108300,159.0,159.88999,158.0,159.8,158.82956,3142.78902472,631
1500109200,159.62,162.89949,159.17681,162.89949,160.65118,3114.82622728,515
1500110100,162.6476,163.295,159.6418,159.99999,161.14312,2733.21015952,494
1500111000,159.83315,160.57,158.0,160.0,159.05897,2648.51662644,437
1500111900,160.00001,160.78692,158.99271,160.0,159.7199,1350.76175308,255
1500112800,159.99999,161.75176,159.99999,161.75176,160.71979,1231.36803161,271
1500113700,161.5,162.89993,161.01008,162.0,161.88065,1554.06419854,313
1500114600,161.95689,162.527,161.33546,162.0,162.05388,1511.13325099,249
1500115500,162.03453,162.127,160.51,161.46209,161.56014,1650.95814752,191
1500116400,161.46208,162.14299,161.46208,161.5,161.94343,2563.19156833,370
1500117300,161.52736,161.67249,159.08,160.183,160.20914,3494.61769945,412
1500118200,160.183,161.536,159.99,161.01007,160.80047,2006.65145353,280
1500119100,161.49496,161.49601,160.486,160.69998,160.86325,477.84453804,278
1500120000,160.79825,161.0,158.55,159.8003,159.48559,1491.13630937,301
1500120900,160.08716,160.08716,157.33436,158.39983,158.45089,2182.09014147,383
1500121800,158.39841,158.39983,157.322,157.6123,157.85882,1034.18926868,389
1500122700,157.6123,158.88441,156.22,158.45892,157.39774,2702.68642702,651
1500123600,158.84393,160.68877,158.25414,160.68877,159.41077,2290.50575413,385
1500124500,160.13947,161.0,158.45005,159.25,160.25361,2019.75442496,336
1500125400,159.427,159.7,158.0,158.0,158.8282,986.83086066,140
1500126300,157.886,157.88601,156.33369,156.33369,156.88945,2163.99250728,258
1500127200,156.33369,157.43213,156.33369,156.587,156.79242,2768.81940431,536
1500128100,156.37948,156.40599,155.2995,155.3,155.90879,2183.21784261,466
1500129000,155.28426,158.86497,155.28426,157.12193,157.04834,4590.68144381,597
1500129900,157.35799,157.9739,156.53489,157.165,157.26258,1531.39561763,250
1500130800,157.00002,157.165,154.45,154.45,155.11804,4044.39977756,535
1500131700,154.45,154.45,153.0,153.259,153.65717,4800.23254936,711
1500132600,153.1,155.71859,153.0,153.1,154.14062,4899.6184339,547
1500133500,153.1,155.12739,153.1,154.00156,154.18313,3678.95824676,362
1500134400,154.342,155.958,152.1,153.49845,153.21651,6885.15363703,692
1500135300,153.163,155.94891,152.0,155.51402,153.00086,10351.14846726,774
1500136200,155.5,155.8937,152.80739,154.98,154.61064,5322.00813407,733
1500137100,154.98,156.89,152.57323,154.8999,154.34485,6569.52043307,950
1500138000,154.8999,155.4,152.73967,155.1,154.34955,4999.88030245,668
1500138900,155.40619,158.3115,155.40161,157.87,157.18532,4043.11637405,486
1500139800,157.87,158.605,156.31272,157.248,157.31723,3488.26573627,534
1500140700,157.058,157.872,156.25,157.47314,157.46463,1607.73775561,304
1500141600,157.47314,159.0,157.473,158.84277,158.47949,1057.05255635,290
1500142500,158.50008,159.4,155.54404,156.30011,158.10183,2613.90528593,357
1500143400,156.30012,157.51598,156.09501,156.5,157.11624,1348.26732022,168
1500144300,156.5,156.5,155.00002,155.3,155.80349,1387.88112767,253
1500145200,155.3,157.1349,155.29999,157.1349,155.94147,1386.22027476,235
1500146100,157.0,157.4775,156.4,156.4,156.82268,437.66019959,163
1500147000,156.4,157.99998,156.4,156.498,157.37831,1378.5871958,260
1500147900,156.63225,157.91,156.63223,157.44934,157.17833,202.66084461,73
1500148800,157.44991,157.45,156.1,156.15,156.66365,766.33389092,127
1500149700,156.1,156.14999,154.00001,154.00001,154.9524,1279.24247525,289
1500150600,154.49948,154.99681,153.41,153.41,154.08154,2404.82738231,351
1500151500,153.41,153.745,152.59849,152.62278,153.1765,1204.75332268,294
1500152400,152.62278,152.74181,152.0,152.74181,152.24907,3529.9945093,478
1500153300,152.79994,154.49,152.23701,152.5114,153.41569,2647.54315228,474
1500154200,153.36514,154.57491,152.51129,154.40597,154.16822,1022.07176549,242
1500155100,154.40597,154.50007,153.28845,154.079,154.07656,1923.76572864,338
1500156000,153.44011,154.0994,153.01869,153.7,153.24039,2690.28438047,323
1500156900,153.7,154.036,153.22521,153.40724,153.79647,1614.68164038,302
1500157800,153.40724,153.9862,152.52921,152.814,153.12999,1090.47422788,263
1500158700,152.63255,152.994,151.99002,152.0,152.10973,1123.23237447,191
1500159600,151.99002,154.0,151.5,152.8,152.82512,1352.56372822,298
1500160500,152.8,152.86012,151.1,151.16,151.50873,2685.74143503,459
1500161400,151.16,151.20001,149.10107,149.10107,150.35105,8451.14236093,1207
1500162300,149.10107,149.54417,147.9438,147.9438,148.65508,4268.67934782,595
1500163200,147.7701,149.47949,147.5,148.0,148.09426,4931.21379058,696
1500164100,148.0,148.0,146.02,146.26143,146.85684,5087.96676041,564
1500165000,146.3,147.1,146.02,146.64958,146.337,3480.30052616,323
1500165900,146.9,146.9,145.2,145.2,146.12211,2573.00698151,326
1500166800,145.2,146.27295,144.4441,144.4441,145.22184,3020.96912954,462
1500167700,144.5,146.99192,144.4441,146.645,145.92804,2986.55241194,433
1500168600,146.645,149.44008,145.5,145.5,148.33104,4101.51517953,383
1500169500,145.87767,146.416,145.02146,146.29949,145.74087,1965.37755047,309
1500170400,146.29999,148.11564,145.404,147.8,147.13942,389.92129977,104
1500171300,147.82009,148.26983,147.8,147.8,147.82135,1089.7686278,282
1500172200,147.8,149.04306,147.8,149.04306,148.14564,3736.04360479,413
1500173100,149.11,149.1359,147.034,147.40864,148.30588,1433.08333706,211
1500174000,147.40866,148.96391,147.40866,148.90001,148.21947,253.78942914,88
1500174900,148.90001,148.97999,146.7,147.5,147.90679,830.03472027,130
1500175800,147.24911,147.365,145.60901,145.792,146.04557,1083.61104003,189
1500176700,145.792,145.961,143.98,144.99978,144.73856,4418.01849336,362
1500177600,144.99978,146.0,144.0,145.15001,145.37808,1316.16478834,155
1500178500,145.15001,145.63192,144.00106,145.1,144.9309,701.46984994,119
1500179400,145.09999,145.1,144.90005,145.1,145.06597,487.34103993,109
1500180300,144.90005,145.2323,143.416,143.57613,144.38619,1554.70261903,249
1500181200,143.41612,143.66034,142.7666,143.51899,143.1111,1434.32964068,380
1500182100,143.49856,143.5,141.284,141.284,142.09505,2413.59587736,522
1500183000,141.327,141.56,139.4,139.679,140.36763,5952.32572091,764
1500183900,139.57541,139.99999,138.01001,138.9,139.10699,4026.60502535,883
1500184800,138.9,139.99998,138.0,138.1,138.65796,2952.48633601,602
1500185700,139.801,139.801,138.0,138.0,138.53438,2329.071122,479
1500186600,138.53431,138.53431,135.98,135.98,136.98073,4979.21747162,798
1500187500,136.0,142.4,135.56,142.16368,138.50087,5856.3523244,585
1500188400,142.1,142.1,138.615,139.20808,140.24667,4491.78052136,563
1500189300,139.20808,140.243,138.61825,139.3005,139.70061,2992.36608433,351
1500190200,139.305,139.913,138.48,138.48049,139.19522,2608.94483752,291
1500191100,138.4805,138.7,136.67,136.84011,137.43244,4614.19364109,534
1500192000,137.48984,137.9899,136.5,136.80002,137.15806,3556.75400224,486
1500192900,136.99999,136.99999,136.0,136.10003,136.36974,3803.19674244,417
1500193800,136.10003,136.439,134.22326,134.27508,135.11534,6346.22158285,1021
1500194700,134.27508,134.8,133.8,134.22,134.25991,5094.98318887,682
1500195600,134.22001,134.41,132.52,132.52,133.3137,7519.50837245,794
1500196500,132.52,134.27778,132.0,132.5,133.27591,7263.48931741,824
1500197400,132.5,132.5,131.25,132.3,132.0961,6526.2190924,497
1500198300,132.3,134.0,132.3,132.9,133.05498,5493.43671214,660
1500199200,132.89866,133.063,131.001,131.78,132.15351,5508.8185993,635
1500200100,131.78,132.8,131.02,131.55,131.88174,3649.89022888,439
1500201000,131.1,131.1,129.19695,129.2,130.13703,8380.36973817,663
1500201900,129.19695,129.19695,125.11,125.4,127.58643,9887.88990867,1070
1500202800,125.11,125.24401,122.35,123.19999,123.48415,16075.541999,1304
1500203700,123.74676,127.528,123.0,125.00002,124.86261,12963.08905914,945
1500204600,125.0,125.0,121.35,124.0,123.31611,18343.44310241,859
1500205500,124.0,124.0,120.0,120.01849,121.13317,17448.65177605,891
1500206400,120.01849,122.3202,120.0,121.91236,121.51539,8956.02061709,590
1500207300,121.91236,121.91236,118.877,119.71,119.42869,14400.05618083,811
1500208200,119.71,120.0,118.00001,118.08772,119.09567,9192.42048627,865
1500209100,118.08772,119.75,117.36941,119.75,118.24859,8804.21498869,743
1500210000,119.75,120.09999,119.597,120.09999,119.75098,10870.63965866,509
1500210900,120.1,126.79998,120.1,126.0,125.02639,8692.25548186,705
1500211800,126.0,133.04944,126.0,133.04944,129.50325,8685.0032808,546
1500212700,133.202,135.0,133.2,135.0,133.30951,9683.38056861,861
1500213600,135.0,136.80013,135.0,135.0,136.55222,13126.65819529,985
1500214500,135.0,135.0,125.0,128.19998,130.47085,16756.45909796,1476
1500215400,128.19998,128.47965,126.63911,127.5,127.79004,9112.70201662,644
1500216300,127.51,131.0,127.51,130.55323,129.2322,5601.40354713,610
1500217200,130.55322,134.98764,130.3,133.8511,133.17461,5238.07014317,813
1500218100,133.8511,136.80013,132.0,134.50754,135.23949,5745.53056818,858
1500219000,134.50754,136.60824,133.8511,134.0,134.95494,3833.90785671,519
1500219900,134.0,134.0,131.0,132.5,132.041,5003.02242581,555
1500220800,132.83,135.58,132.5137,134.04862,134.14077,2819.99950397,452
1500221700,134.04862,135.031,132.69526,134.1,134.26627,2826.65751871,593
1500222600,134.3731,137.8,134.02047,137.8,135.2876,2376.23930932,470
1500223500,137.9,141.96111,137.87183,141.96111,139.76139,8448.39458505,723
1500224400,141.96111,142.17,139.99998,139.99998,141.40381,7543.80972997,651
1500225300,139.99998,144.60146,139.79386,142.69,142.65412,6259.08396092,952
1500226200,142.39247,142.69,139.0,140.0,140.55731,4134.89303801,491
1500227100,140.0,142.39236,138.91,138.91,140.42309,4496.27890274,594
1500228000,138.91,138.91,135.69441,137.37,136.50994,3658.42098258,532
1500228900,137.0,137.01,132.52468,132.52468,134.75014,3666.15146288,473
1500229800,132.52468,134.21584,131.44482,134.03399,132.83256,7660.62143591,782
1500230700,134.03392,136.642,133.402,133.68,135.08177,3631.33989492,522
1500231600,133.68,133.83536,129.5,129.5,131.50352,4131.3814055,636
1500232500,129.42851,132.6,128.668,131.40002,130.50817,7107.557983,679
1500233400,131.40002,131.40002,125.5,126.048,128.06368,4236.50008658,561
1500234300,126.048,128.35832,125.6,126.69995,126.79966,7510.33265513,824
1500235200,126.0,132.21755,125.56009,131.019,129.35094,10498.79467821,904
1500236100,131.11774,134.44596,130.58,133.40507,133.04323,3561.82850742,621
1500237000,133.40505,133.40505,128.64544,131.99995,130.58938,8343.88108103,728
1500237900,132.0,132.55804,129.5,129.696,130.83664,3621.18495923,474
1500238800,130.0,130.18884,126.24457,128.95875,128.02478,4019.48261067,655
1500239700,128.54698,131.0,128.0,130.00001,129.90486,2504.52608547,451
1500240600,130.00001,130.29899,128.50007,129.00002,129.61435,2065.68986108,319
1500241500,129.00002,132.5,129.00002,132.5,130.7351,2276.48570128,584
1500242400,132.5,132.5,130.39999,131.20611,131.11019,1851.78165938,352
1500243300,131.20603,135.109,131.17801,134.00001,133.70187,4225.82256336,657
1500244200,134.00001,138.091,134.0,137.8509,136.22029,4771.6546477,758
1500245100,137.5,139.46,135.8,136.8989,137.79819,3770.92262442,643
1500246000,136.899,141.00454,136.1,136.76,139.46796,4473.74566787,779
1500246900,136.76,139.4422,136.7,136.7,137.84895,1682.84866858,381
1500247800,136.7,138.3669,134.12953,134.34975,135.86178,2476.73474318,361
1500248700,134.0,138.031,133.22718,136.03001,135.29422,1603.85326614,452
1500249600,136.03001,138.85,135.998,136.25,137.68772,1269.94923965,353
1500250500,136.15136,136.77926,135.04074,136.07061,136.10104,678.54687703,187
1500251400,135.79746,137.17471,134.90013,136.97999,136.24812,533.07501105,142
1500252300,136.436,139.90553,136.436,138.33608,138.78891,885.08902125,209
1500253200,139.49089,139.84088,138.50007,139.51501,138.98431,1266.87202276,275
1500254100,139.00024,141.6,138.68552,141.6,140.29241,1316.86943516,285
1500255000,141.50199,145.0,141.499,143.04814,143.24132,4917.11305209,608
1500255900,142.95119,145.574,140.11502,145.29882,143.86468,3651.16973436,544
1500256800,145.29882,148.49999,143.99989,146.59199,146.18326,6651.90832554,1137
1500257700,146.1,146.1,144.52139,144.9989,145.04708,1100.01213643,335
1500258600,144.99889,145.0,142.65951,143.32101,143.64131,923.4392557,266
1500259500,143.35433,144.749,140.52501,140.54622,142.45768,1087.20621525,275
1500260400,140.91861,141.34392,138.65792,138.99714,139.75964,1291.35136881,278
1500261300,138.63123,142.05,138.0,141.5,138.91256,2054.68833477,301
1500262200,141.5,141.5,138.74999,139.96699,139.50771,963.42194725,208
1500263100,139.599,141.8,139.2892,141.5016,140.65685,603.35528496,161
1500264000,141.621,144.005,141.54667,141.54667,143.0235,925.03991782,226
1500264900,141.54702,143.82232,141.5,143.82232,142.5367,1741.88930749,209
1500265800,143.93271,147.15146,143.3,146.0,145.26397,3265.25046977,582
1500266700,146.0,147.0,142.99401,143.92299,145.25569,2431.62665213,508
1500267600,143.92299,143.923,142.35186,142.35186,142.97824,1226.25121988,224
1500268500,142.35186,143.479,141.278,143.0001,142.28837,813.24954432,247
1500269400,143.11486,144.15582,142.627,144.00145,143.23238,776.03980697,218
1500270300,144.00145,147.74508,144.00145,146.0,146.25033,2410.77279767,521
1500271200,146.0,148.3,146.0,148.3,147.00919,2573.57885112,635
1500272100,148.3,150.0,148.12129,150.0,148.90907,4941.7893764,646
1500273000,149.8,152.0,149.0,149.0,150.72884,6062.35605961,755
1500273900,149.0,151.13767,146.46606,150.47,148.78032,4388.14924155,734
1500274800,150.41,153.2614,150.0,153.26033,151.68642,3146.24086118,425
1500275700,153.04618,156.16998,152.8289,156.16998,154.26244,4982.9516381,796
1500276600,156.0,159.0,156.0,156.01,157.93836,8919.91538234,889
1500277500,156.01,157.5,154.0,155.1,155.41249,8165.47717998,965
1500278400,155.1,156.0,153.0,155.26779,154.52389,5685.37554726,760
1500279300,155.26779,157.9,155.26778,157.9,156.44338,3408.03512532,357
1500280200,157.9,158.5,155.41651,155.99997,157.63267,5045.32225842,709
1500281100,155.9,156.99,155.26778,155.27,155.74951,2036.67847621,398
1500282000,155.79998,155.79998,151.39707,151.39707,154.42081,6509.81460677,506
1500282900,151.5,153.765,149.428,152.9,150.74488,11657.01752723,947
1500283800,152.988,154.505,152.00067,154.505,152.40415,3588.67732048,471
1500284700,154.5,155.833,154.4187,154.51449,154.93974,3335.57942564,476
1500285600,154.8659,154.8969,152.55389,152.614,153.76809,4821.59381409,398
1500286500,152.614,154.339,152.614,153.16316,153.32901,1900.8403801,264
1500287400,153.16162,153.93995,151.7092,153.301,152.57641,3416.92142143,345
1500288300,153.30104,154.151,151.1,151.2,152.98432,2517.07894014,313
1500289200,151.777,152.55,150.50001,152.55,151.45767,4133.22275184,373
1500290100,152.55,152.99993,152.10971,152.10971,152.62956,1691.96742454,257
1500291000,152.13,152.13,148.14,148.4,149.79241,4432.6161443,512
1500291900,148.4,148.4,145.0,145.0,146.32811,8777.92648846,798
1500292800,144.9441,146.67095,144.339,146.46197,144.97832,6314.63210958,772
1500293700,146.18788,146.79998,142.23,142.23,144.50426,6636.24589012,704
1500294600,142.23,142.74999,140.0,142.74999,141.00976,11193.55622748,851
1500295500,142.0,145.0,141.966,144.99999,143.75048,6391.64376881,501
1500296400,144.55,147.85991,144.28,147.85991,146.0011,6533.31240685,631
1500297300,147.58097,147.97378,144.02,145.00001,146.03479,6890.57051778,704
1500298200,145.874,146.5,142.34567,142.34567,144.65462,2102.30915059,380
1500299100,142.34567,144.19613,141.3,144.0,142.51462,4012.58158466,542
1500300000,144.19615,145.0,143.18251,143.398,144.54277,3056.16566587,362
1500300900,143.54387,147.48797,143.3,147.3,145.5149,4502.91355227,376
1500301800,147.00001,150.89369,146.99999,150.6937,149.07105,5697.01100827,711
1500302700,150.6937,151.838,148.0,151.838,150.02192,7030.28394256,669
1500303600,151.838,153.34999,150.6843,151.00003,151.99087,5965.74812927,605
1500304500,151.00003,152.00159,149.41405,150.00785,150.79217,3840.10070214,435
1500305400,150.0,150.98995,147.00006,150.98994,148.74747,5468.20572426,572
1500306300,150.98993,150.98994,147.11007,147.59995,148.16999,3680.58364569,385
1500307200,147.59995,150.19999,147.395,149.5001,148.6371,3211.2689882,339
1500308100,149.69,150.502,149.0,149.0,149.80702,1496.16317461,232
1500309000,149.412,149.45418,148.0,148.40001,148.69714,1205.88636046,213
1500309900,148.40001,149.23799,147.70108,148.99998,148.16215,1277.07098205,254
1500310800,148.99849,150.0,148.403,150.0,149.32325,2090.65002434,184
1500311700,150.0,151.97999,150.0,151.97999,151.58679,3168.74215796,537
1500312600,151.97999,154.371,151.97999,152.34047,152.96444,7186.43148503,624
1500313500,152.30005,155.0,152.30005,154.0137,154.31471,5049.42691515,638
1500314400,154.0,154.086,151.903,153.62,153.05328,3203.89150364,448
1500315300,153.99999,154.0,151.34047,152.66294,152.60464,3053.37036317,382
1500316200,152.66294,153.78,152.53205,153.74872,153.12276,2503.60359385,306
1500317100,153.54147,154.24999,152.0,152.5,153.27641,3124.34967829,412
1500318000,152.50006,153.92,152.00082,152.4,152.6673,1366.60577467,279
1500318900,152.41399,152.767,151.6551,152.0,152.2281,2178.2733,292
1500319800,152.0,152.31127,151.0,151.0,151.73311,2572.36189446,248
1500320700,151.0,151.0,149.2,149.5,149.80289,5796.23325255,493
1500321600,149.5,155.0,149.5,155.0,152.43697,4645.0974732,543
1500322500,155.0,156.76375,155.0,156.76375,155.59399,2623.1392831,477
1500323400,156.76375,160.6,156.76375,160.5,159.09843,10971.22331674,874
1500324300,160.2,161.88367,158.36,158.5,160.44149,6548.03334587,639
1500325200,158.36,161.581,157.5,160.7001,159.15514,8432.17976049,923
1500326100,160.7005,161.14199,159.22703,159.50002,160.2682,4315.52037652,533
1500327000,160.0,160.0,156.76375,158.86731,157.99083,4778.73248505,658
1500327900,158.86626,159.54,157.0,157.0,158.28907,2675.91382312,422
1500328800,157.0,160.1,156.899,160.0,158.82701,2841.72164671,477
1500329700,159.999,159.999,157.50002,158.42381,158.68756,2914.99789043,384
1500330600,158.31001,160.0,158.31001,159.50007,159.33991,3262.51449961,260
1500331500,159.50051,163.22,159.4999,163.22,161.48826,4975.06536964,498
1500332400,163.23444,165.34185,163.23444,165.32999,164.40157,6322.7105142,590
1500333300,165.32999,165.8,162.5,163.98792,164.47152,8246.38164425,614
1500334200,163.98792,165.24841,163.32498,163.89999,164.50593,3609.38985016,464
1500335100,163.89999,165.48488,162.89816,165.3005,164.66216,1542.48198232,244
1500336000,165.3005,167.0,165.00009,165.00009,166.46142,5415.93149999,602
1500336900,165.49999,165.49999,162.69448,163.0,163.98023,2919.49235848,349
1500337800,163.0,164.443,161.61601,164.443,162.5644,2786.8988768,371
1500338700,163.84987,164.47701,160.83,161.73144,162.38832,1777.9139767,283
1500339600,161.30005,161.6937,158.5,158.5,160.11379,2842.55933274,329
1500340500,158.5,158.79198,157.08341,157.864,157.683,4110.36926745,428
1500341400,157.86394,159.77199,157.0,158.53,158.41954,2269.66419084,442
1500342300,158.80937,163.13471,158.53051,162.54302,160.68425,1088.7397061,227
1500343200,163.11683,163.6937,159.67523,160.20244,161.70122,1009.89388835,221
1500344100,160.00264,162.0,160.00264,161.12605,161.01731,327.59292837,106
1500345000,161.18346,161.83998,159.50543,160.10228,160.90709,554.84696575,110
1500345900,160.1023,161.426,160.0,161.0,160.63162,539.40929538,100
1500346800,161.4139,161.5,158.57828,159.22746,159.25216,505.35334583,112
1500347700,159.5,159.5,157.82082,159.0231,158.77803,1097.37603842,131
1500348600,159.02309,159.0231,158.0,158.41096,158.77806,1070.16390415,134
1500349500,158.41096,158.557,158.0,158.0,158.08765,571.50794516,120
1500350400,158.0,158.947,157.842,158.1703,158.00497,811.35115452,158
1500351300,158.17028,158.69899,156.641,156.641,157.77316,1253.90033397,203
1500352200,156.687,157.243,155.0,156.75,155.94693,1163.25951475,254
1500353100,156.98987,160.0,156.43186,159.93001,158.93501,1864.13246912,249
1500354000,159.93001,160.0,157.87505,158.99992,158.76275,2112.83277939,382
1500354900,158.99,159.8999,158.99,159.89986,159.01732,852.74811831,158
1500355800,159.89994,161.3253,159.55055,161.255,160.88742,997.47987721,168
1500356700,161.00033,164.0,161.00033,163.9005,162.9899,2921.12001588,347
1500357600,163.9,164.2999,162.28409,162.5,163.39112,2805.16484184,312
1500358500,162.28416,164.597,162.28414,164.45,163.22152,3589.72482011,288
1500359400,164.45,164.5,163.5,163.5,163.64048,1521.07060883,285
1500360300,163.5,164.23102,162.45438,163.49,163.12046,3579.33239923,492
1500361200,163.49,166.51568,163.49,166.51568,164.88339,2016.86469963,309
1500362100,166.51567,167.5266,166.001,167.38225,167.00598,4402.06255664,383
1500363000,167.38225,167.84678,167.0,167.8,167.30749,2823.10040971,378
1500363900,167.8,168.97999,166.72196,166.86999,168.20733,4541.54340646,670
1500364800,166.6,167.19398,164.28503,167.06037,165.22621,5264.27720955,607
1500365700,166.8,167.798,166.28003,166.604,167.06739,3927.92886573,456
1500366600,166.5,167.20889,165.668,166.4,166.50298,2031.40462565,253
1500367500,166.3995,166.4,164.278,164.4,164.80005,2386.80963824,324
1500368400,164.4,164.49207,162.0,162.0,162.91659,7806.00014709,584
1500369300,162.0,164.25071,162.0,163.15348,163.20953,6262.45438499,437
1500370200,163.00002,164.0,162.50002,163.9,163.06969,3965.6328868,484
1500371100,163.9,166.08874,162.8,165.777,164.70157,4511.56127519,398
1500372000,165.777,166.4,164.20051,165.0,165.32862,1746.46353287,313
1500372900,165.0,165.0,162.60002,163.74728,163.58386,2064.38544939,437
1500373800,163.9,164.90701,163.9,164.70491,164.34359,1234.34380565,190
1500374700,164.99821,165.5,164.0,164.97337,164.78518,1063.81157201,269
1500375600,164.9625,165.5,164.13722,165.36542,164.82687,1356.09836481,217
1500376500,165.51997,166.97979,165.21,166.97306,166.27305,2550.0095016,405
1500377400,166.97306,167.61,165.54901,167.1,166.96933,4377.26308723,432
1500378300,167.35952,168.66,167.00007,167.5,167.98034,2968.58744164,446
1500379200,167.5,168.2,166.2137,168.0,167.30731,3618.23414026,490
1500380100,168.0,168.4,167.5801,167.85199,168.19758,1542.76679468,349
1500381000,167.5801,167.852,166.36038,167.0,166.84328,1527.36461005,289
1500381900,167.0,167.49993,166.55901,167.2096,167.22651,1743.52326779,272
1500382800,167.2096,168.69999,167.2096,168.69999,168.10847,2391.86092823,369
1500383700,168.69999,169.9,168.5,169.9,169.12039,5845.27384697,523
1500384600,169.9,170.006,169.9,170.006,169.9983,7043.92845678,626
1500385500,170.006,171.95331,170.0,171.95331,170.48846,5256.78628806,946
1500386400,171.14774,174.84228,171.14774,174.84228,173.15069,5269.49881945,996
1500387300,174.51,174.99896,171.85085,174.48,174.00883,8378.34621319,1193
1500388200,174.48,177.08517,173.8999,177.08517,174.99324,5663.8914819,554
1500389100,177.08517,179.72196,177.08517,179.72196,178.08535,6799.75940717,593
1500390000,179.71144,180.5,179.71144,180.5,180.29875,7138.64046588,459
1500390900,180.5,182.46596,180.5,181.0111,181.68956,9192.45626235,883
1500391800,181.01011,182.48,180.40004,180.44003,180.6363,8249.64463506,1226
1500392700,180.44001,184.12,180.44001,184.0143,183.27787,5918.07236683,752
1500393600,184.0143,184.45,182.00001,182.65,183.71567,7513.32978833,590
1500394500,182.9,182.9,179.99998,179.99998,181.46422,3911.64950427,504
1500395400,179.99998,179.99998,178.979,178.979,179.85561,2766.55110729,381
1500396300,179.0,179.0,177.0,177.0,177.41091,4537.08585925,475
1500397200,177.0,177.0,176.98002,176.98002,176.99676,2676.95102601,404
1500398100,176.98002,178.5,175.81897,178.5,176.21332,5692.59090196,883
1500399000,178.5,184.44995,178.5,182.71432,180.61281,12168.11484972,1021
1500399900,182.9999,182.9999,178.90001,179.0,180.67345,4594.37347754,491
1500400800,179.0,182.42018,178.90001,181.97268,180.77938,2568.47395213,504
1500401700,182.0,184.0,182.0,184.0,183.23711,3323.52694894,472
1500402600,183.99999,184.45,182.10919,184.45,183.78495,4098.96834284,640
1500403500,184.39999,188.7,184.39999,188.7,185.69654,7788.8484605,994
1500404400,188.7,193.7,188.7,193.7,191.09218,4012.32394409,699
1500405300,193.7,198.8,193.7,198.8,197.66441,15381.80831699,1106
1500406200,198.8,202.12,194.64,202.12,198.48335,12059.76672275,1469
1500407100,202.12001,206.08518,202.12,206.0,205.02792,10002.06732394,1177
1500408000,206.0,208.61562,205.94758,208.61562,206.69616,6803.42257613,982
1500408900,208.61562,218.32,208.61562,218.32,214.3476,6492.12067409,881
1500409800,218.39514,228.80304,218.39514,228.80304,221.67,9152.16243306,1216
1500410700,228.80304,228.849,218.63038,218.63038,227.24812,13301.95207912,1147
1500411600,218.63038,218.63038,210.13,210.13,214.79557,6257.56163413,654
1500412500,210.13,210.13,208.32,208.32001,209.84832,7282.85558405,721
1500413400,208.32001,208.32001,206.58,206.58,206.98561,10579.48342171,1180
1500414300,206.5,206.5,202.2007,202.54,204.42782,8310.15429583,1031
1500415200,202.54,205.0,201.27771,203.00107,203.37384,6420.20144801,802
1500416100,203.0,203.0,197.66002,198.0,198.8316,5289.74480403,443
1500417000,198.0,201.65181,191.50001,193.99805,196.33267,14762.57139466,2231
1500417900,193.99804,193.99804,190.5,192.444,191.9909,3713.41959193,325
1500418800,192.444,197.5,192.444,197.5,192.87008,2624.23260707,266
1500419700,197.5,203.05777,197.5,203.0,198.50618,6586.03102585,693
1500420600,203.0,203.05777,200.67067,200.67067,202.80023,3144.46793699,317
1500421500,200.67067,200.99999,197.12694,197.731,198.43782,3661.09851124,421
1500422400,197.731,198.93,196.0,196.0,198.16166,757.37565915,135
1500423300,196.0,198.67004,195.50009,198.67004,196.48048,2170.85008898,299
1500424200,198.19802,198.885,195.306,195.306,196.77793,1056.64587451,205
1500425100,196.1807,196.18078,193.56531,194.773,194.64717,950.61967434,171
1500426000,194.8599,195.711,192.0,192.0,193.0162,1083.77790629,214
1500426900,192.0,192.0,190.0,190.0,190.52761,617.27747163,104
1500427800,190.0,191.3888,190.0,191.19792,190.08712,1422.63823517,202
1500428700,191.19792,193.99991,190.01,190.99784,192.34755,1554.43070965,203
1500429600,190.99782,191.99996,188.786,189.50004,189.78587,3921.16783128,271
1500430500,189.50004,189.99998,187.08517,187.4981,187.85276,1321.74382818,176
1500431400,187.4981,188.98288,184.99673,186.15,186.12028,2867.78003404,301
1500432300,186.15,190.17255,184.00015,190.0,187.20569,2718.18027694,294
1500433200,190.0,192.945,189.74812,190.1,190.28099,1895.94125171,274
1500434100,190.77985,198.0,190.10001,197.83047,195.21342,3933.08813356,416
1500435000,197.83047,198.675,194.13018,197.64173,196.61144,2497.11153351,418
1500435900,197.64173,197.64173,195.0,195.0,195.87456,685.6809711,130
1500436800,195.96859,196.04,193.50403,193.535,194.84848,1664.50114312,203
1500437700,193.535,197.633,193.535,196.50001,195.66526,966.10772301,125
1500438600,196.50001,200.99997,196.50001,198.0,199.20806,2061.75432128,312
1500439500,198.0,198.0,195.20567,196.40197,196.21096,2328.58696165,301
1500440400,196.40197,199.96317,196.20001,199.96317,198.12061,1650.26738391,164
1500441300,199.96313,205.02945,199.96312,205.00001,202.4537,3203.04854172,484
1500442200,205.0,205.0,200.0,202.47052,201.82999,2030.12172819,287
1500443100,202.47052,205.74569,202.47052,205.74569,204.22235,1878.43475125,287
1500444000,205.74569,212.3,205.55,211.40883,210.24653,4057.19794158,704
1500444900,211.1896,212.9,207.58175,211.50007,211.29286,3180.20413385,657
1500445800,211.50007,215.6677,210.1,210.99999,213.94021,3342.88939085,790
1500446700,210.99999,212.00105,207.93607,207.93607,209.94457,2765.59162109,386
1500447600,207.93607,207.93607,207.72096,207.7697,207.80961,1644.45116536,267
1500448500,207.7697,212.32,207.7697,212.0,209.53588,2665.57715583,743
1500449400,212.0,215.28491,210.34104,213.66703,214.26056,2686.17509395,715
1500450300,213.66703,215.89697,213.45508,213.45508,214.86575,2636.18911001,626
1500451200,213.45508,213.45508,210.5,210.5,211.89398,2287.83891044,536
1500452100,210.5,211.99,209.7,209.7,210.20705,2215.270448,314
1500453000,209.7,209.7,205.1,205.49993,206.41345,3815.28330241,441
1500453900,205.49993,209.70071,202.74756,203.38562,204.35064,4495.80197656,614
1500454800,203.38562,204.52791,201.56002,203.055,202.80463,2729.736414,486
1500455700,203.055,205.0,199.0,200.0,201.11839,4057.45266372,680
1500456600,199.15002,203.49983,199.15002,203.49983,201.83804,2371.38747789,479
1500457500,202.99998,206.796,202.851,203.56599,204.73528,2618.35290866,496
1500458400,203.87219,208.0,203.583,208.0,205.73282,3096.78586297,379
1500459300,208.0,208.0,204.11007,204.76579,205.93681,1951.08586431,387
1500460200,204.76578,204.99997,202.0,202.0,202.77753,2106.91156103,304
1500461100,202.0,202.022,201.55,201.99996,201.93113,2101.36441192,161
1500462000,201.99996,201.99996,199.00001,199.00001,200.87545,3787.94176964,549
1500462900,199.00001,201.7,198.797,201.104,200.20811,3012.3728532,428
1500463800,201.104,201.7,200.30138,200.80008,201.53888,1491.53988186,227
1500464700,200.80008,201.217,198.71,199.2,199.64558,2263.27999052,311
1500465600,199.2,199.53995,196.88,197.6302,198.04862,1357.95191538,376
1500466500,197.63011,197.71,193.849,195.70013,195.84414,5578.2101892,819
1500467400,195.70013,198.16298,195.70013,197.80448,197.21709,2654.67422284,405
1500468300,197.5,198.5,196.14005,196.52418,197.71174,2728.96083952,484
1500469200,196.18111,196.52418,193.4,194.3969,194.16202,3681.47561087,592
1500470100,194.3,196.0,192.15222,192.15222,194.53671,1591.26576636,316
1500471000,192.15222,192.15222,190.0,191.959,190.60635,3945.34890286,735
1500471900,191.959,192.0,187.5,187.5,189.54209,4479.05715065,593
1500472800,187.5,193.99974,187.12301,193.475,190.4852,6989.9501976,765
1500473700,193.475,194.8,191.30001,193.69999,193.40571,4713.57876453,464
1500474600,193.30005,195.0,192.5,195.0,194.05823,3208.61684927,440
1500475500,195.0,200.0,195.0,198.10003,198.5131,3988.01050077,562
1500476400,198.10001,201.475,198.1,201.0,199.95101,5655.98766874,573
1500477300,200.8,202.0,196.2,196.75098,199.64777,2910.05831473,379
1500478200,197.0,197.99801,194.36401,196.99369,196.15399,2952.79011463,423
1500479100,196.99369,198.84891,195.1,195.7,197.20268,2028.52518798,293
1500480000,196.4,197.20695,193.76,193.76,194.72373,1358.93698826,278
1500480900,193.76,195.243,191.0,192.1,192.89322,2723.5571285,389
1500481800,192.1,193.7004,190.39301,192.59943,191.57884,2352.97024601,274
1500482700,192.42325,195.29278,192.14491,194.0,193.75153,1687.75771337,273
1500483600,194.0,195.45734,192.742,194.0,194.05965,1409.6006132,273
1500484500,194.45999,194.45999,193.49505,194.0,193.88318,821.40600132,168
1500485400,194.0,194.0,192.4,193.001,193.12315,770.73975592,148
1500486300,192.5,193.5,190.699,190.99,191.82799,1627.72121927,191
1500487200,190.699,191.83566,187.11,187.11,188.90394,3271.51617179,456
1500488100,187.31001,189.57,186.6,187.34995,188.04424,2071.34829421,374
1500489000,188.0,190.0,187.05836,188.0087,188.95019,1545.6995906,245
1500489900,188.5,188.5,185.7,186.024,186.56613,1919.79414966,301
1500490800,185.7915,186.49443,183.38343,183.38343,185.09831,3153.98598433,365
1500491700,183.69999,183.69999,180.013,180.013,182.23534,3582.59573105,411
1500492600,180.013,180.013,175.0,175.0,178.09017,4572.67747359,518
1500493500,175.0,175.0,172.23001,172.23001,174.4951,4621.96548687,494
1500494400,172.26633,172.26633,170.51,170.51,170.69509,10109.94527365,684
1500495300,170.51,170.51,169.9384,169.9384,170.2188,5709.39464746,508
1500496200,169.9384,170.51,168.5,170.51,169.14959,11633.57619404,779
1500497100,170.51,177.5,170.51,177.5,173.42018,4889.96766844,602
1500498000,177.5,178.32481,177.5,178.32481,178.1625,4652.02049519,355
1500498900,178.32481,180.5,178.0,180.5,178.20874,5804.86894407,651
1500499800,180.5,180.64303,176.50206,176.50206,179.15255,2479.9635949,262
1500500700,176.66,176.66,171.60088,171.60088,174.21458,2368.4363586,253
1500501600,171.79999,171.999,171.60087,171.999,171.62965,4503.53930667,335
1500502500,171.999,172.32481,171.999,172.32481,172.07621,882.53948385,122
1500503400,172.32481,172.32481,172.0,172.0,172.11901,2254.22785583,236
1500504300,172.0,172.0,166.666,167.1,170.69082,9078.05504679,1438
1500505200,167.79998,170.73142,167.1,168.265,169.06697,2314.90118059,415
1500506100,168.265,168.265,165.0,165.0,165.65116,2519.8057929,297
1500507000,165.0,167.89384,164.2,167.89384,164.7633,5610.06888686,306
1500507900,167.89384,168.06525,167.89384,168.00012,168.03716,1212.97056922,176
1500508800,168.00057,174.86636,168.00057,173.00008,171.49867,2280.14797794,221
1500509700,173.401,173.49983,170.29995,172.3256,172.20646,1821.97227269,399
1500510600,172.41,178.396,171.15158,177.0,175.59276,5194.24639372,461
1500511500,178.0,182.32481,176.776,178.82025,180.04512,2539.46726071,348
1500512400,178.82025,180.0,175.62115,175.62115,178.76082,2097.34478908,406
1500513300,175.621,179.68497,175.34113,178.79042,178.19979,1923.79807153,268
1500514200,178.72603,179.68495,177.58008,179.6828,178.49019,1568.05040824,233
1500515100,179.48093,182.38846,178.00358,181.28295,180.82418,2032.58088801,417
1500516000,181.28295,181.41499,178.40857,179.40471,179.34945,949.81271937,153
1500516900,180.33193,180.333,178.782,180.13284,179.53576,394.01101578,117
1500517800,180.266,187.20602,180.266,186.0,183.94624,2298.92307524,337
1500518700,186.0,189.485,186.0,189.485,187.88855,2015.24177176,347
1500519600,189.485,189.98,187.30021,189.00765,188.8992,3279.65016895,363
1500520500,189.583,189.95,187.46624,187.99993,188.3164,825.82318554,128
1500521400,187.99993,187.99993,186.0,186.0,187.40921,1043.41293673,90
1500522300,186.0,187.62154,183.11292,183.40429,184.83612,2419.91930537,363
1500523200,183.40426,186.40395,183.10656,184.51137,184.18178,1107.60433968,153
1500524100,184.69999,187.0,184.34402,186.95885,185.42729,1047.54496473,135
1500525000,186.91899,187.0,185.0,185.0,185.97722,480.09780891,115
1500525900,185.0,186.253,181.75604,181.7565,184.69995,998.04897231,180
1500526800,181.75605,184.1978,180.44,182.89439,182.37502,1528.95150971,268
1500527700,182.89439,182.89439,178.65821,178.66,179.77941,2371.20459972,288
1500528600,178.66,182.0,178.60851,182.0,179.79347,1719.58778798,287
1500529500,182.0,184.11207,180.41191,183.95,182.81088,1575.81966146,277
1500530400,183.95,183.95,181.3085,182.99999,182.8907,828.81691931,189
1500531300,182.99989,184.32479,181.93506,182.7,183.32602,559.0771572,124
1500532200,182.7,182.7,179.49949,180.06259,180.95826,1245.06672441,269
1500533100,180.06374,180.60313,177.64993,177.80007,178.03304,1454.36268271,284
1500534000,177.838,181.011,177.65408,178.49982,178.91209,1070.22211648,343
1500534900,178.0005,178.5,177.0,177.0,177.91263,1191.50090276,166
1500535800,177.0,177.0,174.25231,174.891,174.92606,3954.13205454,502
1500536700,174.891,177.464,174.891,176.51289,175.99559,3649.55924411,417
1500537600,176.51289,177.5,176.51,177.312,176.99473,1305.53634101,221
1500538500,177.312,179.0,177.312,179.0,178.30825,338.78495235,138
1500539400,179.0,180.38283,178.00028,178.9,179.09822,2835.46716023,474
1500540300,178.9,180.9,178.9,180.9,179.84467,675.68089462,209
1500541200,180.9,182.63902,180.9,182.45,182.25516,1630.15878224,320
1500542100,182.45,182.45,179.6,180.49993,180.86144,2569.23781052,336
1500543000,180.01001,180.02999,178.30002,179.8,179.31288,908.46648494,197
1500543900,179.8,181.52992,178.224,181.0,180.48851,1036.70560366,234
1500544800,180.5791,183.44998,180.5791,183.44998,182.90705,1337.55244995,259
1500545700,183.44998,187.8675,183.44998,186.48772,186.22182,4930.85591049,570
1500546600,186.1,187.5,183.37004,183.6,185.03597,1639.25430929,273
1500547500,183.6,185.41089,183.59999,184.30251,184.35616,1364.85616913,303
1500548400,184.30251,187.0,183.99999,187.0,185.92266,2405.28139966,368
1500549300,187.0,192.18406,187.0,191.12221,189.63198,5103.60004553,676
1500550200,191.12221,195.0,191.12221,195.0,192.77382,3279.55559936,511
1500551100,195.0,196.64,195.0,196.64,195.4271,2536.64327229,381
1500552000,196.55,197.53,196.55,197.18099,197.31542,2479.75024651,343
1500552900,197.18099,200.98,197.18099,200.98,199.21325,3695.11967712,623
1500553800,200.98,201.19991,200.98,201.19991,201.06051,2015.03342426,360
1500554700,201.19991,201.19991,199.89307,199.8999,201.13725,2845.62240072,354
1500555600,199.8999,199.8999,195.30003,198.0,198.55454,8079.70868792,1017
1500556500,198.0,198.77999,196.89986,196.89986,198.13678,2066.19879568,306
1500557400,196.89986,199.87999,196.89986,199.87999,197.17923,1987.71231237,260
1500558300,199.87999,201.2,199.87999,201.2,200.03307,3751.41000539,275
1500559200,201.2,204.058,201.2,204.00001,202.26185,1998.84164269,291
1500560100,204.09519,204.6,200.14001,200.89991,203.31555,5605.62476817,667
1500561000,200.89991,200.89991,198.00002,198.00991,199.25203,3247.7209897,422
1500561900,198.00991,198.00991,195.9,197.85,196.67439,2969.19858502,334
1500562800,197.85,200.33699,197.85,200.33699,198.68987,1368.84264738,255
1500563700,200.33699,201.0,200.2,201.0,200.88085,1039.64549345,229
1500564600,201.0,201.0,199.08514,199.08514,200.8356,1656.13142291,197
1500565500,199.08514,199.08514,196.7111,197.89995,197.55415,2192.23782858,308
1500566400,198.0,199.9,196.12906,198.45368,198.33921,2451.0410087,429
1500567300,198.45368,199.39998,198.0,199.34,198.87483,1331.34777716,216
1500568200,199.34,199.34,197.0,197.0,197.77095,627.76262613,175
1500569100,197.0,198.0,196.5,196.50079,196.95765,1587.62487729,252
1500570000,196.50036,196.92997,195.5,195.60195,196.16858,2603.39805345,222
1500570900,195.6,197.2,195.51,195.64195,196.04361,1499.82462349,185
1500571800,195.64195,195.7,195.64195,195.64195,195.64414,25.172032,7
